{"text": " And so, my fellow Americans, ask not what your country can do for you, ask what you can do for your country.", "segments": [{"id": 0, "seek": 0, "start": 0.0, "end": 10.38, "text": " And so, my fellow Americans, ask not what your country can do for you, ask what you can do for your country.", "tokens": [50365, 400, 370, 11, 452, 7177, 6280, 11, 1029, 406, 437, 428, 1941, 393, 360, 337, 291, 11, 1029, 437, 291, 393, 360, 337, 428, 1941, 13, 50884], "temperature": 0.0, "avg_logprob": -0.08464068379895441, "compression_ratio": 1.35, "no_speech_prob": 9.337452339108765e-11}], "language": "en"}